{"cameraMode":{"drawMode":0,"name":"Shaded","section":"Shading Mode"},"sceneLighting":false,"audioPlay":false,"sceneViewState":{"showFog":false,"showMaterialUpdate":false,"showSkybox":false,"showFlares":false,"showImageEffects":false,"showParticleSystems":false},"in2DMode":false,"pivot":{"x":3.2129433155059816,"y":-0.09973790496587753,"z":23.982831954956056},"rotation":{"x":0.22523312270641328,"y":-0.13684871792793275,"z":0.031970031559467319,"w":0.9641163349151611},"size":34.5706672668457,"orthographic":false}