{"cameraMode":{"drawMode":0,"name":"Shaded","section":"Shading Mode"},"sceneLighting":true,"audioPlay":false,"sceneViewState":{"showFog":false,"showMaterialUpdate":false,"showSkybox":true,"showFlares":false,"showImageEffects":false,"showParticleSystems":false},"in2DMode":false,"pivot":{"x":4.255998611450195,"y":0.1683034896850586,"z":-7.331173896789551},"rotation":{"x":0.16764310002326966,"y":-0.16914281249046327,"z":0.02920951135456562,"w":0.9707959294319153},"size":11.361361503601075,"orthographic":false}