{"cameraMode":{"drawMode":0,"name":"Shaded","section":"Shading Mode"},"sceneLighting":true,"audioPlay":false,"sceneViewState":{"showFog":false,"showMaterialUpdate":false,"showSkybox":true,"showFlares":false,"showImageEffects":false,"showParticleSystems":false},"in2DMode":false,"pivot":{"x":4.751171112060547,"y":1.7497835159301758,"z":-0.41520214080810549},"rotation":{"x":0.1738998293876648,"y":-0.23386460542678834,"z":0.042557451874017718,"w":0.9556538462638855},"size":12.999127388000489,"orthographic":false}