{"cameraMode":{"drawMode":0,"name":"Shaded","section":"Shading Mode"},"sceneLighting":false,"audioPlay":false,"sceneViewState":{"showFog":false,"showMaterialUpdate":false,"showSkybox":false,"showFlares":false,"showImageEffects":false,"showParticleSystems":false},"in2DMode":false,"pivot":{"x":-0.12920808792114259,"y":1.9433163404464722,"z":4.02386474609375},"rotation":{"x":0.056728050112724307,"y":-0.2416597306728363,"z":0.014154479838907719,"w":0.9686086177825928},"size":22.6612606048584,"orthographic":false}