{"cameraMode":{"drawMode":0,"name":"Shaded","section":"Shading Mode"},"sceneLighting":false,"audioPlay":false,"sceneViewState":{"showFog":false,"showMaterialUpdate":false,"showSkybox":false,"showFlares":false,"showImageEffects":false,"showParticleSystems":false},"in2DMode":false,"pivot":{"x":-8.435311317443848,"y":21.49408531188965,"z":5.402984619140625},"rotation":{"x":0.1954263150691986,"y":-0.34041503071784975,"z":0.0725587010383606,"w":0.9168833494186401},"size":37.79359436035156,"orthographic":false}