{"cameraMode":{"drawMode":0,"name":"Shaded","section":"Shading Mode"},"sceneLighting":true,"audioPlay":false,"sceneViewState":{"showFog":false,"showMaterialUpdate":false,"showSkybox":true,"showFlares":false,"showImageEffects":false,"showParticleSystems":false},"in2DMode":false,"pivot":{"x":1.1192644834518433,"y":0.17599302530288697,"z":9.314577102661133},"rotation":{"x":0.20247967541217805,"y":-0.03230970352888107,"z":0.00668747304007411,"w":0.9787409901618958},"size":11.440947532653809,"orthographic":false}