{"cameraMode":{"drawMode":0,"name":"Shaded","section":"Shading Mode"},"sceneLighting":true,"audioPlay":false,"sceneViewState":{"showFog":false,"showMaterialUpdate":false,"showSkybox":true,"showFlares":false,"showImageEffects":false,"showParticleSystems":false},"in2DMode":false,"pivot":{"x":3.8395135402679445,"y":1.307368278503418,"z":13.37890625},"rotation":{"x":0.25321710109710696,"y":-0.0594506710767746,"z":0.015592547133564949,"w":0.9654552340507507},"size":15.249588012695313,"orthographic":false}