{"cameraMode":{"drawMode":0,"name":"Shaded","section":"Shading Mode"},"sceneLighting":false,"audioPlay":false,"sceneViewState":{"showFog":false,"showMaterialUpdate":false,"showSkybox":false,"showFlares":false,"showImageEffects":false,"showParticleSystems":false},"in2DMode":false,"pivot":{"x":-5.697177886962891,"y":9.71238899230957,"z":0.8174114227294922},"rotation":{"x":0.1954263150691986,"y":-0.34041503071784975,"z":0.0725587010383606,"w":0.9168833494186401},"size":40.63911437988281,"orthographic":false}