{"cameraMode":{"drawMode":0,"name":"Shaded","section":"Shading Mode"},"sceneLighting":false,"audioPlay":false,"sceneViewState":{"showFog":false,"showMaterialUpdate":false,"showSkybox":false,"showFlares":false,"showImageEffects":false,"showParticleSystems":false},"in2DMode":false,"pivot":{"x":4.578791618347168,"y":1.3616358041763306,"z":-3.9778151512145998},"rotation":{"x":0.14286382496356965,"y":-0.09338349848985672,"z":0.013543229550123215,"w":0.9852442741394043},"size":15.964664459228516,"orthographic":false}