{"cameraMode":{"drawMode":0,"name":"Shaded","section":"Shading Mode"},"sceneLighting":true,"audioPlay":false,"sceneViewState":{"showFog":false,"showMaterialUpdate":false,"showSkybox":true,"showFlares":false,"showImageEffects":false,"showParticleSystems":false},"in2DMode":false,"pivot":{"x":-7.104639053344727,"y":8.898290634155274,"z":11.689279556274414},"rotation":{"x":0.05424141138792038,"y":-0.3726041615009308,"z":0.02182302623987198,"w":0.9261515140533447},"size":37.27021026611328,"orthographic":false}