{"cameraMode":{"drawMode":0,"name":"Shaded","section":"Shading Mode"},"sceneLighting":true,"audioPlay":false,"sceneViewState":{"showFog":false,"showMaterialUpdate":false,"showSkybox":true,"showFlares":false,"showImageEffects":false,"showParticleSystems":false},"in2DMode":false,"pivot":{"x":15.99565315246582,"y":2.722332000732422,"z":-10.294876098632813},"rotation":{"x":0.13550829887390138,"y":-0.655038595199585,"z":0.12102522701025009,"w":0.7334279417991638},"size":4.055619239807129,"orthographic":false}